interest_text,career,description
I love math and solving problems,Data Scientist,"A Data Scientist uses statistics, programming, and machine learning to analyze data and generate insights."
I like coding and analyzing data,Data Scientist,"A Data Scientist uses statistics, programming, and machine learning to analyze data and generate insights."
I enjoy working with numbers,Data Scientist,"A Data Scientist uses statistics, programming, and machine learning to analyze data and generate insights."
I want to work with machine learning,Data Scientist,"A Data Scientist uses statistics, programming, and machine learning to analyze data and generate insights."
I am good at statistics and programming,Data Scientist,"A Data Scientist uses statistics, programming, and machine learning to analyze data and generate insights."
I enjoy predictive modeling and AI,Data Scientist,"A Data Scientist uses statistics, programming, and machine learning to analyze data and generate insights."
I want to analyze business data,Data Scientist,"A Data Scientist uses statistics, programming, and machine learning to analyze data and generate insights."
I like working with large datasets,Data Scientist,"A Data Scientist uses statistics, programming, and machine learning to analyze data and generate insights."
I am curious about data patterns,Data Scientist,"A Data Scientist uses statistics, programming, and machine learning to analyze data and generate insights."
I want to become an expert in analytics,Data Scientist,"A Data Scientist uses statistics, programming, and machine learning to analyze data and generate insights."
I like building apps and websites,Software Engineer,"A Software Engineer designs, develops, and maintains applications, websites, and software systems."
I enjoy coding in Python and Java,Software Engineer,"A Software Engineer designs, develops, and maintains applications, websites, and software systems."
I love solving programming challenges,Software Engineer,"A Software Engineer designs, develops, and maintains applications, websites, and software systems."
I want to work in software companies,Software Engineer,"A Software Engineer designs, develops, and maintains applications, websites, and software systems."
I am interested in technology and coding,Software Engineer,"A Software Engineer designs, develops, and maintains applications, websites, and software systems."
I like developing new software tools,Software Engineer,"A Software Engineer designs, develops, and maintains applications, websites, and software systems."
I enjoy debugging and problem solving,Software Engineer,"A Software Engineer designs, develops, and maintains applications, websites, and software systems."
I want to create games and applications,Software Engineer,"A Software Engineer designs, develops, and maintains applications, websites, and software systems."
I am passionate about computer systems,Software Engineer,"A Software Engineer designs, develops, and maintains applications, websites, and software systems."
I want to design scalable software,Software Engineer,"A Software Engineer designs, develops, and maintains applications, websites, and software systems."
I like biology and helping people,Doctor,"A Doctor diagnoses illnesses, provides treatment, and helps patients maintain good health."
I want to work in hospitals,Doctor,"A Doctor diagnoses illnesses, provides treatment, and helps patients maintain good health."
I enjoy learning about the human body,Doctor,"A Doctor diagnoses illnesses, provides treatment, and helps patients maintain good health."
I want to become a surgeon,Doctor,"A Doctor diagnoses illnesses, provides treatment, and helps patients maintain good health."
I am interested in medicine and healthcare,Doctor,"A Doctor diagnoses illnesses, provides treatment, and helps patients maintain good health."
I want to cure diseases and save lives,Doctor,"A Doctor diagnoses illnesses, provides treatment, and helps patients maintain good health."
I enjoy studying medical science,Doctor,"A Doctor diagnoses illnesses, provides treatment, and helps patients maintain good health."
I want to work in emergency care,Doctor,"A Doctor diagnoses illnesses, provides treatment, and helps patients maintain good health."
I am passionate about health and wellness,Doctor,"A Doctor diagnoses illnesses, provides treatment, and helps patients maintain good health."
I want to specialize in pediatrics,Doctor,"A Doctor diagnoses illnesses, provides treatment, and helps patients maintain good health."
I love drawing and creativity,Designer,"A Designer creates visual concepts, graphics, and user-friendly designs for various media."
I enjoy painting and designing,Designer,"A Designer creates visual concepts, graphics, and user-friendly designs for various media."
I like making posters and graphics,Designer,"A Designer creates visual concepts, graphics, and user-friendly designs for various media."
I am interested in fashion and art,Designer,"A Designer creates visual concepts, graphics, and user-friendly designs for various media."
I love working with colors and design tools,Designer,"A Designer creates visual concepts, graphics, and user-friendly designs for various media."
I want to create logos and branding,Designer,"A Designer creates visual concepts, graphics, and user-friendly designs for various media."
I enjoy digital illustration,Designer,"A Designer creates visual concepts, graphics, and user-friendly designs for various media."
I want to become a graphic designer,Designer,"A Designer creates visual concepts, graphics, and user-friendly designs for various media."
I like creating visual content,Designer,"A Designer creates visual concepts, graphics, and user-friendly designs for various media."
I am passionate about UI and UX design,Designer,"A Designer creates visual concepts, graphics, and user-friendly designs for various media."
I enjoy teaching and explaining concepts,Teacher,"A Teacher educates students, explains concepts, and helps them grow academically and personally."
I like helping students learn new things,Teacher,"A Teacher educates students, explains concepts, and helps them grow academically and personally."
I want to become a professor,Teacher,"A Teacher educates students, explains concepts, and helps them grow academically and personally."
I am interested in education and learning,Teacher,"A Teacher educates students, explains concepts, and helps them grow academically and personally."
I like sharing knowledge with others,Teacher,"A Teacher educates students, explains concepts, and helps them grow academically and personally."
I want to guide and mentor students,Teacher,"A Teacher educates students, explains concepts, and helps them grow academically and personally."
I enjoy classroom interaction,Teacher,"A Teacher educates students, explains concepts, and helps them grow academically and personally."
I want to improve education quality,Teacher,"A Teacher educates students, explains concepts, and helps them grow academically and personally."
I am passionate about student growth,Teacher,"A Teacher educates students, explains concepts, and helps them grow academically and personally."
I want to inspire learners,Teacher,"A Teacher educates students, explains concepts, and helps them grow academically and personally."
I like debating and arguing points,Lawyer,"A Lawyer practices law, defends clients, and provides legal advice in various cases."
I am interested in law and justice,Lawyer,"A Lawyer practices law, defends clients, and provides legal advice in various cases."
I want to defend people in court,Lawyer,"A Lawyer practices law, defends clients, and provides legal advice in various cases."
I enjoy reading about legal systems,Lawyer,"A Lawyer practices law, defends clients, and provides legal advice in various cases."
I am good at logical reasoning,Lawyer,"A Lawyer practices law, defends clients, and provides legal advice in various cases."
I want to fight for human rights,Lawyer,"A Lawyer practices law, defends clients, and provides legal advice in various cases."
I enjoy analyzing legal cases,Lawyer,"A Lawyer practices law, defends clients, and provides legal advice in various cases."
I want to become a corporate lawyer,Lawyer,"A Lawyer practices law, defends clients, and provides legal advice in various cases."
I am passionate about criminal justice,Lawyer,"A Lawyer practices law, defends clients, and provides legal advice in various cases."
I want to work in international law,Lawyer,"A Lawyer practices law, defends clients, and provides legal advice in various cases."
I like understanding human behavior,Psychologist,A Psychologist studies the human mind and behavior to help people with mental health and well-being.
I want to help people with mental health,Psychologist,A Psychologist studies the human mind and behavior to help people with mental health and well-being.
I am interested in counseling,Psychologist,A Psychologist studies the human mind and behavior to help people with mental health and well-being.
I enjoy studying psychology theories,Psychologist,A Psychologist studies the human mind and behavior to help people with mental health and well-being.
I want to work in therapy,Psychologist,A Psychologist studies the human mind and behavior to help people with mental health and well-being.
I enjoy listening to peopleâ€™s problems,Psychologist,A Psychologist studies the human mind and behavior to help people with mental health and well-being.
I want to become a clinical psychologist,Psychologist,A Psychologist studies the human mind and behavior to help people with mental health and well-being.
I like researching human mind,Psychologist,A Psychologist studies the human mind and behavior to help people with mental health and well-being.
I am passionate about emotional well-being,Psychologist,A Psychologist studies the human mind and behavior to help people with mental health and well-being.
I want to work in organizational psychology,Psychologist,A Psychologist studies the human mind and behavior to help people with mental health and well-being.
I want to start my own business,Entrepreneur,"An Entrepreneur creates, manages, and grows businesses by taking risks and innovating new ideas."
I enjoy creating new products,Entrepreneur,"An Entrepreneur creates, manages, and grows businesses by taking risks and innovating new ideas."
I am passionate about startups,Entrepreneur,"An Entrepreneur creates, manages, and grows businesses by taking risks and innovating new ideas."
I want to become financially independent,Entrepreneur,"An Entrepreneur creates, manages, and grows businesses by taking risks and innovating new ideas."
I like taking risks for success,Entrepreneur,"An Entrepreneur creates, manages, and grows businesses by taking risks and innovating new ideas."
I enjoy problem solving in business,Entrepreneur,"An Entrepreneur creates, manages, and grows businesses by taking risks and innovating new ideas."
I want to innovate in technology,Entrepreneur,"An Entrepreneur creates, manages, and grows businesses by taking risks and innovating new ideas."
I am interested in building companies,Entrepreneur,"An Entrepreneur creates, manages, and grows businesses by taking risks and innovating new ideas."
I want to manage my own team,Entrepreneur,"An Entrepreneur creates, manages, and grows businesses by taking risks and innovating new ideas."
I am passionate about leadership,Entrepreneur,"An Entrepreneur creates, manages, and grows businesses by taking risks and innovating new ideas."
I like building bridges and roads,Civil Engineer,"A Civil Engineer designs, constructs, and maintains infrastructure projects like roads, bridges, and buildings."
I want to design infrastructure projects,Civil Engineer,"A Civil Engineer designs, constructs, and maintains infrastructure projects like roads, bridges, and buildings."
I am interested in construction,Civil Engineer,"A Civil Engineer designs, constructs, and maintains infrastructure projects like roads, bridges, and buildings."
I enjoy studying structures,Civil Engineer,"A Civil Engineer designs, constructs, and maintains infrastructure projects like roads, bridges, and buildings."
I want to work on large projects,Civil Engineer,"A Civil Engineer designs, constructs, and maintains infrastructure projects like roads, bridges, and buildings."
I like applying physics to engineering,Civil Engineer,"A Civil Engineer designs, constructs, and maintains infrastructure projects like roads, bridges, and buildings."
I want to design sustainable cities,Civil Engineer,"A Civil Engineer designs, constructs, and maintains infrastructure projects like roads, bridges, and buildings."
I enjoy problem solving in structures,Civil Engineer,"A Civil Engineer designs, constructs, and maintains infrastructure projects like roads, bridges, and buildings."
I am passionate about architecture and design,Civil Engineer,"A Civil Engineer designs, constructs, and maintains infrastructure projects like roads, bridges, and buildings."
I want to become a project manager,Civil Engineer,"A Civil Engineer designs, constructs, and maintains infrastructure projects like roads, bridges, and buildings."
I like writing and reporting,Journalist,"A Journalist researches, writes, and reports news stories to inform the public and analyze global events."
I want to work in media,Journalist,"A Journalist researches, writes, and reports news stories to inform the public and analyze global events."
I am passionate about storytelling,Journalist,"A Journalist researches, writes, and reports news stories to inform the public and analyze global events."
I enjoy interviewing people,Journalist,"A Journalist researches, writes, and reports news stories to inform the public and analyze global events."
I want to become a news reporter,Journalist,"A Journalist researches, writes, and reports news stories to inform the public and analyze global events."
I enjoy writing articles,Journalist,"A Journalist researches, writes, and reports news stories to inform the public and analyze global events."
I am interested in global events,Journalist,"A Journalist researches, writes, and reports news stories to inform the public and analyze global events."
I want to investigate stories,Journalist,"A Journalist researches, writes, and reports news stories to inform the public and analyze global events."
I am passionate about freedom of press,Journalist,"A Journalist researches, writes, and reports news stories to inform the public and analyze global events."
I want to become a TV anchor,Journalist,"A Journalist researches, writes, and reports news stories to inform the public and analyze global events."
"I like travelling, exploring places",Travel Blogger / Vlogger,"Create blogs or vlogs about destinations, cultures, and travel tips."
"I like travelling, exploring places",Tourism & Hospitality Professional,"Work in hotels, airlines, or travel agencies to help people explore the world."
"I like travelling, exploring places",Travel Photographer / Filmmaker,"Capture landscapes, wildlife, and cultures through photos and videos."
"I like travelling, exploring places",Adventure Tourism Guide,"Lead treks, safaris, or adventure tours for travelers"
"I like travelling, exploring places",Archaeologist / Anthropologist,Explore ancient sites and study cultures and civilizations.
"I like travelling, exploring places",Wildlife Conservationist,Travel to different regions to study and protect biodiversity.
I like cooking,Chef,"Work in restaurants, hotels, or private kitchens to create meals."
"I like cooking, travelling",Food Blogger / Vlogger,"Share recipes, reviews, and cooking tips through blogs, YouTube, or social media."
I like cooking,Catering Business Owner,Start your own food business to serve at events or provide meal services.
I like cooking,Culinary Instructor,Teach others how to cook through classes or workshops.
I like cooking,Food Scientist,"Develop new recipes, improve food quality, and work in food research."
